{
"lengthUnit": "mil",
"components": {
	"fields": ["COMPONENT_NO", "COMPONENT_NAME", "LAYER", "X_COORDINATE", "Y_COORDINATE", "ANGLE"],
	"rows": [
		[1, "C1", "B", 6715.5, -812.61, 44.798],
		[2, "C2", "B", 6805, -905, 225],
		[3, "U1", "B", 6761.2, -857.44, 224.798]
	]
},
"pins": {
	"fields": ["PIN_NO", "PIN_NAME", "PIN_X", "PIN_Y", "LAYER", "PIN_TYPE", "NET_NAME", "NET_TYPE", "PAD_SHAPE", "PAD_SIZEX", "PAD_SIZEY", "HOLE_SIZE", "PAD_ANGLE"],
	"rows": [
		[1, "C1_1", 6700.27, -827.73, "B", "SMD", "GND", "GND", "R", 31.11, 21.26, 0, 44.798],
		[2, "C1_2", 6730.73, -797.49, "B", "SMD", "VCC", "", "R", 31.11, 21.26, 0, 44.798],
		[3, "C2_1", 6820.17, -889.83, "B", "SMD", "$1N324", "", "R", 31.11, 21.26, 0, 225],
		[4, "C2_2", 6789.83, -920.17, "B", "SMD", "$1N324", "", "R", 31.11, 21.26, 0, 225],
		[5, "U1_1", 6756.91, -889.43, "B", "SMD", "$1N324", "", "R", 19.68, 11.81, 0, 44.798],
		[6, "U1_2", 6743.05, -875.47, "B", "SMD", "GND", "GND", "R", 19.68, 11.81, 0, 44.798],
		[7, "U1_3", 6729.17, -861.5, "B", "SMD", "U1_3", "", "R", 19.68, 11.81, 0, 44.798],
		[8, "U1_4", 6744.56, -840.68, "B", "SMD", "U1_4", "", "R", 19.68, 11.81, 0, 314.798],
		[9, "U1_5", 6765.49, -825.43, "B", "SMD", "U1_5", "", "R", 19.68, 11.81, 0, 44.798],
		[10, "U1_6", 6779.36, -839.41, "B", "SMD", "VCC", "", "R", 19.68, 11.81, 0, 44.798],
		[11, "U1_7", 6793.23, -853.37, "B", "SMD", "VCC", "", "R", 19.68, 11.81, 0, 44.798],
		[12, "U1_8", 6777.85, -874.2, "B", "SMD", "$1N324", "", "R", 19.68, 11.81, 0, 314.798],
		[13, "U1_9", 6761.2, -857.44, "B", "SMD", "U1_9", "", "R", 11.81, 11.81, 0, 314.798]
	]
}
}