{
"lengthUnit": "mil",
"components": {
	"fields": ["COMPONENT_NO", "COMPONENT_NAME", "LAYER", "X_COORDINATE", "Y_COORDINATE", "ANGLE"],
	"rows": [
		[1, "C1", "B", 6745.5, -842.61, 44.798],
		[2, "U1", "B", 6791.2, -887.44, 224.798]
	]
},
"pins": {
	"fields": ["PIN_NO", "PIN_NAME", "PIN_X", "PIN_Y", "LAYER", "PIN_TYPE", "NET_NAME", "NET_TYPE", "PAD_SHAPE", "PAD_SIZEX", "PAD_SIZEY", "HOLE_SIZE", "PAD_ANGLE"],
	"rows": [
		[1, "C1_1", 6730.27, -857.73, "B", "SMD", "GND", "GND", "R", 31.11, 21.26, 0, 44.798],
		[2, "C1_2", 6760.73, -827.49, "B", "SMD", "VCC", "", "R", 31.11, 21.26, 0, 44.798],
		[3, "U1_1", 6786.91, -919.43, "B", "SMD", "$1N324", "", "R", 19.68, 11.81, 0, 44.798],
		[4, "U1_2", 6773.05, -905.47, "B", "SMD", "GND", "GND", "R", 19.68, 11.81, 0, 44.798],
		[5, "U1_3", 6759.17, -891.5, "B", "SMD", "U1_3", "", "R", 19.68, 11.81, 0, 44.798],
		[6, "U1_4", 6774.56, -870.68, "B", "SMD", "U1_4", "", "R", 19.68, 11.81, 0, 314.798],
		[7, "U1_5", 6795.49, -855.43, "B", "SMD", "U1_5", "", "R", 19.68, 11.81, 0, 44.798],
		[8, "U1_6", 6809.36, -869.41, "B", "SMD", "VCC", "", "R", 19.68, 11.81, 0, 44.798],
		[9, "U1_7", 6823.23, -883.37, "B", "SMD", "VCC", "", "R", 19.68, 11.81, 0, 44.798],
		[10, "U1_8", 6807.85, -904.2, "B", "SMD", "$1N324", "", "R", 19.68, 11.81, 0, 314.798],
		[11, "U1_9", 6791.2, -887.44, "B", "SMD", "U1_9", "", "R", 11.81, 11.81, 0, 314.798]
	]
}
}